gene,in_top25_RF_importance,in_top25_XGB_importance,in_top25_RF_SHAP,in_top25_XGB_SHAP,in_top25_MLP_permutation,agreement_count,rf_importance,xgb_importance,rf_shap_importance,xgb_shap_importance,mlp_perm_importance_mean
gene_203,True,True,True,True,True,5,0.012778896018728439,0.013816674,0.00511574967609865,0.12735775,0.0
gene_2037,True,True,True,True,True,5,0.014152528724834247,0.02776334,0.005904952414952924,0.26526237,0.0
gene_15898,True,True,True,True,False,4,0.01964614228084558,0.023032686,0.008287019349681238,0.17152458,0.0
gene_18746,True,True,True,True,False,4,0.017661954248401113,0.03331213,0.009260497154041336,0.27063346,0.0
gene_17801,True,True,True,True,False,4,0.013066517332529122,0.018180579,0.0064572080701791055,0.14215007,0.0
gene_18135,True,True,True,True,False,4,0.020833265416520138,0.02931284,0.009058139316500407,0.119100906,0.0
gene_11910,True,True,True,True,False,4,0.012084072483568319,0.019914037,0.005194771893460487,0.12749305,0.0
gene_7964,True,True,True,True,False,4,0.01911098061695846,0.021826122,0.009444273990372874,0.12523894,0.0
gene_9176,True,True,True,True,False,4,0.019521654623563894,0.013134523,0.008674407260587177,0.030972313,-0.0007933884297520455
gene_7421,True,True,True,True,False,4,0.013664848276777435,0.027833935,0.006058030397767896,0.09697588,0.0
gene_6733,True,True,True,True,False,4,0.013086322353979099,0.03157228,0.005755851234766082,0.1731091,0.0
gene_15895,True,True,True,True,False,4,0.01591493106299319,0.025602683,0.006519095684470686,0.27049214,0.0
gene_9175,True,True,True,True,False,4,0.015583116436811015,0.03353058,0.007050154376858253,0.18037444,0.0
gene_14114,True,True,True,True,False,4,0.014665979945957898,0.083306395,0.006636888521076517,0.031056542,0.0
gene_3439,True,True,True,True,False,4,0.012918330459256354,0.012266489,0.005509819218999489,0.032896955,0.0
gene_6876,True,False,True,True,False,3,0.011984528311586806,0.0010870959,0.005258656255666578,0.055195827,0.0
gene_15896,True,True,True,False,False,3,0.01574996763899406,0.035052862,0.0065197817882432976,0.024292178,0.0
gene_16358,True,False,True,False,True,3,0.016485682674654226,0.0022075325,0.007264267297861078,0.020167442,0.0004979053204859696
gene_11903,True,True,True,False,False,3,0.022641242112238072,0.06272046,0.00862061365373587,0.0115936715,0.0
gene_1858,False,True,False,True,True,3,0.01124624723186512,0.012231999,0.004979401970329205,0.1434788,0.0
gene_14798,True,True,True,False,False,3,0.018252560432816055,0.014234907,0.008162379945549133,0.019744836,0.0
gene_3921,True,False,True,False,False,2,0.01672403357706868,0.0,0.008295027829174665,0.0,0.0
gene_220,False,True,False,False,True,2,0.01148731267819746,0.08498369,0.004922414395984109,0.012572736,0.0
gene_10284,True,False,True,False,False,2,0.012092995462699459,0.0,0.005147843406548903,0.0,0.0
gene_13818,True,False,True,False,False,2,0.01268877533584022,0.0,0.005306868696189314,0.0,0.0
gene_3737,True,False,True,False,False,2,0.014112860518524646,0.0012002399,0.005907393297298002,0.003245235,0.0
gene_5729,False,True,False,True,False,2,0.0102261991629796,0.026287226,0.004359705079978511,0.03399926,0.0
gene_590,False,False,False,False,True,1,0.00019055662600110592,0.0003215593,0.0002692312189604892,0.00043312844,0.0
gene_1515,False,False,False,False,True,1,0.0012967026750099315,0.0,0.0006492611510464571,0.0,0.0
gene_12078,False,True,False,False,False,1,0.0014499988124879939,0.011367763,0.0009199590683895174,0.017778486,0.0
gene_8349,False,False,False,True,False,1,0.006916029879538359,0.00034283006,0.0023739363934569047,0.03916205,0.0
gene_7896,False,False,True,False,False,1,0.01189618512228034,0.00025464324,0.006032910781530344,0.0008802317,0.0
gene_1923,False,False,False,False,True,1,0.00880252891037103,0.0,0.003467029878313014,0.0,0.0
gene_219,False,True,False,False,False,1,0.0061989183632511205,0.0427376,0.002668615225281198,0.017538417,0.0
gene_450,False,False,False,False,True,1,0.002535179583129006,0.0,0.0010555078874215555,0.0,0.0
gene_545,False,False,False,False,True,1,0.0002608533156907363,0.00029933907,0.0003220862702507642,0.0006113001,0.0
gene_2073,False,False,False,False,True,1,0.00012514099931017021,0.0004589668,0.0002685556543641977,0.0012390795,0.0
gene_2575,False,False,False,False,True,1,0.0010926719602120862,0.0,0.0004617120036103676,0.0,0.0
gene_5829,False,False,False,True,False,1,0.009118772439523708,0.0056500365,0.003720776450208224,0.061012376,0.0
gene_628,False,False,False,False,True,1,0.0036314795450501113,0.0005041487,0.0014189318394341307,0.00014270007,0.0
gene_6593,False,False,False,False,True,1,0.001936023485319137,4.125096e-05,0.0007106719041475836,0.0005146112,0.0004979053204859696
gene_5407,True,False,False,False,False,1,0.012043607492584554,0.0014807942,0.004880974908398856,0.004700889,0.0
gene_30,False,False,False,False,True,1,0.007468054893067912,0.0019621337,0.0026660528512278026,0.0015424342,0.0
gene_145,False,False,False,False,True,1,0.0038737228296155807,0.0012689057,0.0014790774188647904,0.0014616242,0.0
gene_11652,False,True,False,False,False,1,0.006132885704924043,0.2048407,0.0024693869482786054,0.007140046,0.0
gene_3010,False,False,False,False,True,1,0.0006332053167696036,0.00013058755,0.00030789643839506346,7.4010924e-05,0.0002024222112198937
gene_2288,False,False,False,False,True,1,0.006211996498402658,0.009599285,0.002610219889284745,0.012740192,0.0
gene_15591,False,False,False,True,False,1,0.010426427437539285,0.0013482252,0.004028980712632293,0.048640314,0.0
gene_742,False,False,False,False,True,1,0.003786130092154775,0.0,0.0016110533108268969,0.0,0.0
gene_3524,False,False,False,True,False,1,0.009408820020310692,0.009455052,0.003882735869209316,0.16300169,0.0
gene_1735,False,False,False,False,True,1,0.0014672488931305571,0.0029359718,0.0007191911438505815,0.001443004,0.0
gene_439,False,False,False,False,True,1,0.0026332304758646275,0.00029872885,0.0009295192715951562,0.0021770238,0.0
gene_13639,False,False,False,True,False,1,0.0074603757081196246,0.0006067277,0.002652430689618292,0.053296637,0.0
gene_15589,False,False,False,True,False,1,0.005883745399626586,0.0007331654,0.0025355813613899534,0.057030164,0.0
gene_1216,False,False,False,False,True,1,0.00013873329485573492,0.0,0.00012397306403201142,0.0,0.0
gene_2318,False,False,False,False,True,1,0.001832574282344546,3.196787e-05,0.0012925807873887844,0.0011376942,0.0
gene_2639,False,False,False,False,True,1,0.003098859980005883,0.00059327495,0.0015379741622115713,0.00081310916,0.0
gene_775,False,False,False,False,True,1,0.0015428221725220972,4.1933627e-06,0.0008048109880002385,5.009546e-05,0.0
gene_6748,False,False,False,True,False,1,0.002762115020319431,0.0008346728,0.0013696126108387247,0.03214438,0.0
gene_8596,False,True,False,False,False,1,0.002860242018003102,0.009638472,0.0010221884918527233,0.002254824,0.0
gene_8988,False,False,False,False,False,0,0.0009246251514155475,0.0004719721,0.000446341288998943,0.001237514,0.0
gene_18214,False,False,False,False,False,0,0.0013606669141965877,0.0,0.0006147135791202751,0.0,0.0
gene_19159,False,False,False,False,False,0,0.002551619908556955,0.0,0.0009955964091986024,0.0,0.0
gene_10098,False,False,False,False,False,0,0.004653438001111346,0.0005261899,0.0015526872029193786,0.014898479,0.0
gene_5830,False,False,False,False,False,0,0.007186036785780565,0.0007082505,0.0027754614142125157,0.021995546,0.0
gene_17109,False,False,False,False,False,0,0.002101557584659704,0.0,0.0008104668441343998,0.0,0.0
gene_6164,False,False,False,False,False,0,9.272225931916236e-05,0.0,0.0002441455844673379,0.0,0.0
gene_7992,False,False,False,False,False,0,0.003058836673459022,0.0,0.001628237820509964,0.0,0.0
gene_7058,False,False,False,False,False,0,0.004021441050539929,0.00055318733,0.0014179891358000014,0.00058216613,-0.0002644628099173485
gene_7554,False,False,False,False,False,0,0.0022908781979613557,0.0,0.0009534674941803848,0.0,0.0
gene_4223,False,False,False,False,False,0,8.385015336145222e-05,0.0,6.0675050474212786e-05,0.0,0.0
gene_9927,False,False,False,False,False,0,0.0012108361296759775,0.0,0.0004561048906780711,0.0,0.0
gene_14503,False,False,False,False,False,0,0.00652857277627795,0.0,0.0028234479460642094,0.0,0.0
gene_1795,False,False,False,False,False,0,0.0022172242999127546,6.492167e-05,0.0010241687880506519,0.00047018006,0.0
gene_13950,False,False,False,False,False,0,0.006009422036946114,0.0,0.002011379679112138,0.0,0.0
gene_2928,False,False,False,False,False,0,0.001161535948506536,0.0023409722,0.00042650391368573076,0.0017019636,0.0
gene_19563,False,False,False,False,False,0,0.0036130418308909303,0.0,0.001158618050255091,0.0,0.0
gene_7965,False,False,False,False,False,0,0.008769108074460841,0.00038842327,0.0033433253244857354,0.0036506543,0.0
gene_17906,False,False,False,False,False,0,0.00011894291002284205,0.0008863413,0.00013305180319652922,0.0008855717,0.0
gene_8776,False,False,False,False,False,0,0.0022269058581683566,4.1442712e-05,0.0012606963077677889,0.00037887014,0.0
gene_18335,False,False,False,False,False,0,0.0006052310613172584,6.7590976e-05,0.00040808474220422355,9.590091e-05,0.0
gene_13076,False,False,False,False,False,0,0.0012402755394440917,0.0008958452,0.0005152876771225937,0.0021202234,0.0
gene_4640,False,False,False,False,False,0,2.7075361397672335e-05,0.0,0.00013942360564747034,0.0,0.0
gene_6594,False,False,False,False,False,0,0.011170674801930354,0.00012796959,0.004933818761169863,0.002613536,0.0
gene_13513,False,False,False,False,False,0,0.0011571966758847647,0.0,0.00046233734421050195,0.0,0.0
gene_8348,False,False,False,False,False,0,0.004058571467427551,0.0002486203,0.0015997153146841106,0.007607116,0.0
gene_16088,False,False,False,False,False,0,0.00013306821473417523,0.0,0.0001733441442688486,0.0,0.0
gene_7792,False,False,False,False,False,0,0.004447691395129485,0.0,0.0020163909106297386,0.0,0.0
gene_12881,False,False,False,False,False,0,0.004921612536876094,0.0,0.002132470533555218,0.0,0.0
gene_16064,False,False,False,False,False,0,0.004700421614926377,0.0,0.0019223184729275432,0.0,0.0
gene_16133,False,False,False,False,False,0,0.008575079628844535,4.3043397e-05,0.004139541500831105,0.00044422815,0.0
gene_13210,False,False,False,False,False,0,0.010874221963275987,0.0,0.004868098999541446,0.0,0.0
gene_18051,False,False,False,False,False,0,0.0023495037689219944,0.00055720995,0.0008965958631546831,0.00051797583,0.0
gene_16061,False,False,False,False,False,0,0.0025119780409369775,0.0,0.0011842441246898417,0.0,0.0
gene_3461,False,False,False,False,False,0,0.004711531487413268,0.00020838635,0.0024029519736562615,9.3226416e-05,0.0
gene_16105,False,False,False,False,False,0,6.634690690360892e-05,0.0,0.00017047436199162287,0.0,0.0
gene_3619,False,False,False,False,False,0,6.106840530086986e-05,0.00019953701,0.00012106480367104974,0.0015209641,-0.000528925619834697
gene_11059,False,False,False,False,False,0,0.006730364933266255,0.0,0.002973037916880744,0.0,0.0
gene_5988,False,False,False,False,False,0,0.000579430435970309,2.0591307e-05,0.00036050989179138885,0.00057923,0.0
gene_18042,False,False,False,False,False,0,0.0013905856714934795,0.0,0.000779824666291264,0.0,0.0
gene_13998,False,False,False,False,False,0,0.0013420469602955162,0.0,0.0005188409443028559,0.0,0.0
gene_15894,False,False,False,False,False,0,0.010857760581088402,0.0012048509,0.004434858702498212,0.013179695,0.0
gene_11550,False,False,False,False,False,0,0.007464196584116251,0.0,0.0037433519912288063,0.0,0.0
gene_12995,False,False,False,False,False,0,0.010456231016373593,0.0,0.004193222835495703,0.0,0.0
gene_11393,False,False,False,False,False,0,0.005872758370422293,0.0002723347,0.0032355589046305267,0.0012938055,0.0
gene_9184,False,False,False,False,False,0,0.004775091360238207,0.0007098116,0.0020519971886018592,0.00030962244,0.0
gene_6836,False,False,False,False,False,0,0.0048156472142898785,0.00039077943,0.001983362592991041,0.0028657676,0.0
gene_14444,False,False,False,False,False,0,0.0012766882541255034,1.8258981e-05,0.00045684067357276,0.00080279884,0.0
gene_12808,False,False,False,False,False,0,0.003822387843561215,6.337346e-05,0.0014688056736357209,0.0012848786,0.0
gene_12069,False,False,False,False,False,0,0.002286775265301444,0.0004335974,0.0010308503742286713,0.00029012092,0.0
gene_13809,False,False,False,False,False,0,8.86948555593031e-05,0.00019657792,0.00019065580194883928,0.00025120593,0.0
gene_4224,False,False,False,False,False,0,0.0019559234798373687,0.000104033235,0.0005939840590313844,0.0017214323,0.0
gene_19606,False,False,False,False,False,0,0.0021939620707631395,0.00029121668,0.0009635183515883142,0.0027048418,0.0
gene_2811,False,False,False,False,False,0,0.0,0.0,0.0,0.0,0.0
gene_14845,False,False,False,False,False,0,0.0012180294688201908,0.0,0.0004772680195620443,0.0,0.0
gene_17426,False,False,False,False,False,0,0.002267581457657059,0.0,0.0006294732184166221,0.0,0.0
gene_6760,False,False,False,False,False,0,0.0020073892893797923,0.0,0.0005495971979898524,0.0,0.0
gene_17904,False,False,False,False,False,0,0.0064141665202319485,0.002570539,0.0024254181173354226,0.021239439,0.0
gene_18178,False,False,False,False,False,0,0.004651043668192344,0.00092733686,0.0019439425851537817,0.030432897,0.0
gene_16316,False,False,False,False,False,0,0.0026294600034808737,0.0,0.0011609578710164012,0.0,0.0
gene_14190,False,False,False,False,False,0,0.002546392730317276,0.0016753839,0.0012035207748865415,0.0019497807,0.0
gene_9173,False,False,False,False,False,0,0.008324424393831497,0.00068493345,0.0038561222770137037,0.0004908446,0.0
gene_19623,False,False,False,False,False,0,0.001065846412930331,0.00035838163,0.0004655226279566299,0.0014929771,0.0
gene_18285,False,False,False,False,False,0,3.1031509108655103e-05,0.0,5.479119743743722e-05,0.0,0.0
gene_5576,False,False,False,False,False,0,0.005004994051832566,0.0003938639,0.001977508439923827,0.0062059597,0.0
gene_13527,False,False,False,False,False,0,0.0002920279393991567,0.0,0.0003076617106201728,0.0,0.0
gene_4442,False,False,False,False,False,0,0.0038729566269761766,0.0,0.0016211210389972873,0.0,0.0
gene_15302,False,False,False,False,False,0,0.0010297168062194295,0.0,0.00040821909844182834,0.0,0.0
gene_9626,False,False,False,False,False,0,0.006265390608110051,0.00012554509,0.0026415782013562124,0.00022299889,0.0
gene_5581,False,False,False,False,False,0,0.0009567004788413561,0.0,0.0006576666813876062,0.0,0.0
gene_5657,False,False,False,False,False,0,0.0049961568887298535,0.0,0.0017510869019053351,0.0,0.0
gene_19153,False,False,False,False,False,0,0.001281597413998082,0.0,0.0007313297899952347,0.0,0.0
gene_15899,False,False,False,False,False,0,0.007613327867774058,0.0025736475,0.003090841476037638,0.01989207,0.0
gene_3970,False,False,False,False,False,0,0.0011552911419571014,0.0,0.0005789356303080041,0.0,0.0
gene_11259,False,False,False,False,False,0,0.002613039075478641,0.00018454243,0.0010443236099450819,0.0020277733,0.0
gene_5625,False,False,False,False,False,0,0.0014666944707932453,0.0,0.0006114030060902632,0.0,0.0
gene_6361,False,False,False,False,False,0,0.0038327179379261346,0.0,0.0016598382727131477,0.0,0.0
gene_13976,False,False,False,False,False,0,0.0024994083727521445,0.0,0.0011302459485635226,0.0,-0.0007933884297520455
gene_6611,False,False,False,False,False,0,0.006513537861015831,0.001014365,0.0028027939016492076,0.0043076007,0.0
gene_14427,False,False,False,False,False,0,0.0013889158708850313,0.00048142433,0.00072622407279974,0.0001727375,0.0
gene_2778,False,False,False,False,False,0,0.004342907434182239,0.0,0.0018662034850223852,0.0,0.0
gene_7116,False,False,False,False,False,0,0.007576487842984779,0.00054747565,0.0033709353628589996,0.0007817598,0.0
gene_18632,False,False,False,False,False,0,0.008069876233731092,0.0,0.0027797753199660627,0.0,0.0
gene_16173,False,False,False,False,False,0,6.558882816038236e-05,0.0,8.263083759697804e-05,0.0,0.0
gene_16259,False,False,False,False,False,0,0.0,0.0,0.0,0.0,0.0
gene_15803,False,False,False,False,False,0,0.00391925624881607,0.0,0.001368143610343799,0.0,0.0
gene_3541,False,False,False,False,False,0,0.0015123923520311455,8.8674475e-05,0.000725238323549244,6.730307e-05,0.0
gene_6937,False,False,False,False,False,0,0.006879341384430176,0.0038295959,0.0025246775642065516,0.00052239286,0.0
gene_12568,False,False,False,False,False,0,0.0023818670433454377,0.00020783678,0.0006825596136879447,0.0071678055,0.0
gene_10411,False,False,False,False,False,0,0.0,0.0,0.0,0.0,0.0
gene_7954,False,False,False,False,False,0,0.0023664700865073736,0.0,0.0008598429603595379,0.0,0.0
gene_12847,False,False,False,False,False,0,0.0034298869017148083,0.0,0.001132485392515146,0.0,0.0
gene_3217,False,False,False,False,False,0,0.0026543738042480946,0.0,0.0011150944793105052,0.0,0.0
gene_16337,False,False,False,False,False,0,0.0038335097750362163,0.0,0.0018826553050382503,0.0,0.0
gene_13497,False,False,False,False,False,0,0.00013762484138715747,0.0,0.00016703813686246388,0.0,0.0
gene_5442,False,False,False,False,False,0,0.0015614412279191358,0.0,0.0005095600064370613,0.0,0.0
gene_12848,False,False,False,False,False,0,0.003729859601363287,0.0,0.0013768556199287999,0.0,0.0
gene_13507,False,False,False,False,False,0,0.004735693607998339,1.3040909e-05,0.0016177732266724355,0.00067946955,0.0
gene_16132,False,False,False,False,False,0,0.0013961208714651976,0.0,0.0007148222790329556,0.0,0.0
gene_12262,False,False,False,False,False,0,0.0,0.0007357263,0.0,0.00046274526,0.0
gene_9979,False,False,False,False,False,0,3.082068717852775e-05,0.00039277406,4.014160292497622e-05,0.002196849,0.0
gene_17585,False,False,False,False,False,0,0.0026263075888014516,0.0,0.0009007262088311951,0.0,0.0
gene_4429,False,False,False,False,False,0,0.0,0.0,0.0,0.0,0.0
gene_13833,False,False,False,False,False,0,0.00039899086371703496,0.00064621225,0.0005756727538845203,0.00014895604,0.0
gene_11026,False,False,False,False,False,0,0.000992104265464599,0.0,0.00031658568124324094,0.0,0.0
gene_11566,False,False,False,False,False,0,0.003643895406731048,0.00019237741,0.0011686846965697057,0.0035552236,0.0
gene_15987,False,False,False,False,False,0,0.0013931317749415581,4.1734373e-05,0.0007764679016772841,0.00071689603,0.0
gene_14818,False,False,False,False,False,0,0.0002323655231511286,0.00055695063,0.00027016786698657723,0.0001321872,0.0
gene_16131,False,False,False,False,False,0,0.006084872181855063,0.0,0.002554447068431947,0.0,0.0
gene_8597,False,False,False,False,False,0,0.0009291377489845594,0.00017499752,0.00038758133424339567,0.00043183102,0.0
gene_5577,False,False,False,False,False,0,0.0025797655874169267,0.0009601139,0.0014197538343984856,0.0008585273,0.0
gene_3695,False,False,False,False,False,0,0.005114464558231878,0.0013112241,0.001699398706467054,0.0029170658,0.0
gene_16130,False,False,False,False,False,0,0.005146533960186133,0.0,0.0021748610210847795,0.0,0.0
gene_8941,False,False,False,False,False,0,0.007704567052204871,3.6869187e-05,0.0020408159925845042,5.5854656e-05,0.0
gene_16392,False,False,False,False,False,0,0.0026169565324581177,0.00015641129,0.0012051525696032425,0.0007945357,0.0
gene_15583,False,False,False,False,False,0,0.004570739128046959,0.0007403544,0.001660674445101691,0.001336028,0.0
gene_16156,False,False,False,False,False,0,0.00010554099126613615,0.0,0.00011919685712297019,0.0,-0.000528925619834697
gene_16115,False,False,False,False,False,0,3.8588011001694636e-05,0.0001158038,0.00010653351300134242,0.00048427153,0.0
gene_14177,False,False,False,False,False,0,0.0012706196381266368,0.0,0.0005291092461921431,0.0,0.0
gene_6816,False,False,False,False,False,0,0.009357245665569907,0.0,0.003617974604430967,0.0,0.0
gene_18290,False,False,False,False,False,0,0.008984770293543326,0.0,0.0035736137906299784,0.0,0.0
gene_16342,False,False,False,False,False,0,0.0033136736137534158,0.00066390034,0.0012586602152676908,0.0031932937,0.0
gene_9214,False,False,False,False,False,0,0.0010865358982564703,0.0,0.0004135183948018479,0.0,0.0
gene_13916,False,False,False,False,False,0,6.0043960482665835e-05,2.9344536e-05,0.00011770518002125203,0.00049863633,0.0
gene_11124,False,False,False,False,False,0,0.004056042888746587,0.0015871153,0.0025668866901647166,0.004573321,0.0
gene_8616,False,False,False,False,False,0,0.0025568465917494092,0.0,0.0013853949754818486,0.0,0.0
gene_18636,False,False,False,False,False,0,0.004242337046290936,0.0,0.002025924110442197,0.0,0.0
gene_6734,False,False,False,False,False,0,0.005272030451782916,0.00054156384,0.0019859571681896723,0.0008456148,0.0
gene_17771,False,False,False,False,False,0,0.0007281337606782007,5.8362348e-05,0.000461573913872044,0.0012936819,0.0
gene_2774,False,False,False,False,False,0,0.00167195284955953,6.0882096e-05,0.0009482612215552157,0.002277618,0.0
gene_18091,False,False,False,False,False,0,0.0060682259232953195,9.608866e-06,0.0024858135736713152,0.00045260738,0.0
gene_18333,False,False,False,False,False,0,6.924609925852645e-05,0.0,0.00023198547348276995,0.0,0.0
gene_11352,False,False,False,False,False,0,0.0036695005774716803,5.0397302e-05,0.0015288609914967883,0.00089261285,0.0
gene_7932,False,False,False,False,False,0,0.0007577740518874063,0.00025645157,0.0003532072948617358,0.0025165493,0.0
gene_15897,False,False,False,False,False,0,0.007173327646101486,0.0001710136,0.0026659240051642445,0.00083264743,0.0
gene_16169,False,False,False,False,False,0,2.3202134274548007e-06,0.0,1.259649130286567e-05,0.0,0.0
gene_15633,False,False,False,False,False,0,0.002314432202594816,0.00024387758,0.0009206408357550488,0.0022088853,0.0
gene_7623,False,False,False,False,False,0,0.0026399305340976476,0.00035440177,0.0012846634594622225,0.008941425,0.0
gene_17751,False,False,False,False,False,0,0.006347788489586599,4.729204e-05,0.0024344109686191945,0.00030698156,0.0
gene_7625,False,False,False,False,False,0,0.0024187618110256505,0.0,0.0007792580340180377,0.0,0.0
